{"cameraMode":{"drawMode":0,"name":"Shaded","section":"Shading Mode"},"sceneLighting":true,"audioPlay":false,"sceneViewState":{"showFog":true,"showMaterialUpdate":true,"showSkybox":true,"showFlares":true,"showImageEffects":true,"showParticleSystems":true},"in2DMode":false,"pivot":{"x":-6.336090087890625,"y":7.113791465759277,"z":17.297393798828126},"rotation":{"x":0.1539829522371292,"y":0.515530526638031,"z":-0.094779372215271,"w":0.8375765085220337},"size":4.041658401489258,"orthographic":false}