{"cameraMode":{"drawMode":0,"name":"Shaded","section":"Shading Mode"},"sceneLighting":true,"audioPlay":false,"sceneViewState":{"showFog":true,"showMaterialUpdate":true,"showSkybox":true,"showFlares":true,"showImageEffects":true,"showParticleSystems":true},"in2DMode":false,"pivot":{"x":-4.472383975982666,"y":10.274738311767579,"z":16.258359909057618},"rotation":{"x":-0.0021497260313481094,"y":0.9978495836257935,"z":-0.04524417966604233,"w":-0.04737739637494087},"size":17.475900650024415,"orthographic":false}