{"cameraMode":{"drawMode":0,"name":"Shaded","section":"Shading Mode"},"sceneLighting":true,"audioPlay":false,"sceneViewState":{"showFog":true,"showMaterialUpdate":true,"showSkybox":true,"showFlares":true,"showImageEffects":true,"showParticleSystems":true},"in2DMode":false,"pivot":{"x":-1.3093994855880738,"y":-3.9847660064697267,"z":7.195215702056885},"rotation":{"x":-0.2354438453912735,"y":0.09371016174554825,"z":-0.022814135998487474,"w":-0.9670906066894531},"size":10.0,"orthographic":false}