{"cameraMode":{"drawMode":0,"name":"Shaded","section":"Shading Mode"},"sceneLighting":true,"audioPlay":false,"sceneViewState":{"showFog":true,"showMaterialUpdate":true,"showSkybox":true,"showFlares":true,"showImageEffects":true,"showParticleSystems":true},"in2DMode":false,"pivot":{"x":-78.43820190429688,"y":2.824652910232544,"z":63.32698440551758},"rotation":{"x":0.01019718311727047,"y":0.4870675206184387,"z":0.005690151825547218,"w":-0.873286247253418},"size":98.31128692626953,"orthographic":false}