{"cameraMode":{"drawMode":0,"name":"Shaded","section":"Shading Mode"},"sceneLighting":true,"audioPlay":false,"sceneViewState":{"showFog":true,"showMaterialUpdate":true,"showSkybox":true,"showFlares":true,"showImageEffects":true,"showParticleSystems":true},"in2DMode":false,"pivot":{"x":9.008055686950684,"y":1.6574193239212037,"z":4.728808879852295},"rotation":{"x":-0.17778563499450684,"y":0.1795443296432495,"z":-0.033007729798555377,"w":-0.9669885039329529},"size":3.6221911907196047,"orthographic":false}