{"cameraMode":{"drawMode":0,"name":"Shaded","section":"Shading Mode"},"sceneLighting":true,"audioPlay":false,"sceneViewState":{"showFog":true,"showMaterialUpdate":true,"showSkybox":true,"showFlares":true,"showImageEffects":true,"showParticleSystems":true},"in2DMode":false,"pivot":{"x":25.73877716064453,"y":-5.814006805419922,"z":27.30282211303711},"rotation":{"x":0.12674884498119355,"y":0.6370276212692261,"z":-0.10726624727249146,"w":0.7527446746826172},"size":22.0,"orthographic":false}