{"cameraMode":{"drawMode":0,"name":"Shaded","section":"Shading Mode"},"sceneLighting":true,"audioPlay":false,"sceneViewState":{"showFog":true,"showMaterialUpdate":true,"showSkybox":true,"showFlares":true,"showImageEffects":true,"showParticleSystems":true},"in2DMode":false,"pivot":{"x":-7.153589248657227,"y":11.19819450378418,"z":14.330924987792969},"rotation":{"x":0.08876413106918335,"y":-0.9039402604103088,"z":0.3499006927013397,"w":0.2293088138103485},"size":3.6221911907196047,"orthographic":false}