{"cameraMode":{"drawMode":0,"name":"Shaded","section":"Shading Mode"},"sceneLighting":true,"audioPlay":false,"sceneViewState":{"showFog":true,"showMaterialUpdate":true,"showSkybox":true,"showFlares":true,"showImageEffects":true,"showParticleSystems":true},"in2DMode":false,"pivot":{"x":13.123330116271973,"y":-12.568594932556153,"z":45.224517822265628},"rotation":{"x":-0.2731711268424988,"y":-0.12194681912660599,"z":0.03493432328104973,"w":-0.9535649418830872},"size":27.47410774230957,"orthographic":false}