{"cameraMode":{"drawMode":0,"name":"Shaded","section":"Shading Mode"},"sceneLighting":true,"audioPlay":false,"sceneViewState":{"showFog":true,"showMaterialUpdate":true,"showSkybox":true,"showFlares":true,"showImageEffects":true,"showParticleSystems":true},"in2DMode":false,"pivot":{"x":-17.54296875,"y":5.760323524475098,"z":25.36965560913086},"rotation":{"x":-0.09126963466405869,"y":-0.8316887617111206,"z":0.14362245798110963,"w":-0.528522789478302},"size":16.750459671020509,"orthographic":false}