{"cameraMode":{"drawMode":0,"name":"Shaded","section":"Shading Mode"},"sceneLighting":true,"audioPlay":false,"sceneViewState":{"showFog":true,"showMaterialUpdate":true,"showSkybox":true,"showFlares":true,"showImageEffects":true,"showParticleSystems":true},"in2DMode":false,"pivot":{"x":-9.860977172851563,"y":48.15269088745117,"z":134.93997192382813},"rotation":{"x":-0.0013583926483988762,"y":0.9120860695838928,"z":-0.0030202134512364866,"w":-0.4099854826927185},"size":1773.50244140625,"orthographic":false}