{"cameraMode":{"drawMode":0,"name":"Shaded","section":"Shading Mode"},"sceneLighting":true,"audioPlay":false,"sceneViewState":{"showFog":true,"showMaterialUpdate":true,"showSkybox":true,"showFlares":true,"showImageEffects":true,"showParticleSystems":true},"in2DMode":false,"pivot":{"x":7.060514450073242,"y":0.9794403314590454,"z":24.760019302368165},"rotation":{"x":0.24884945154190064,"y":-0.07745686918497086,"z":0.01996750757098198,"w":0.9652335047721863},"size":1.2298640012741089,"orthographic":false}