{"cameraMode":{"drawMode":0,"name":"Shaded","section":"Shading Mode"},"sceneLighting":false,"audioPlay":false,"sceneViewState":{"showFog":true,"showMaterialUpdate":true,"showSkybox":true,"showFlares":true,"showImageEffects":true,"showParticleSystems":true},"in2DMode":false,"pivot":{"x":7.014999866485596,"y":0.4099999964237213,"z":22.246999740600587},"rotation":{"x":-0.019116926938295366,"y":0.6721422076225281,"z":-0.017361704260110856,"w":-0.7399716377258301},"size":0.45414263010025027,"orthographic":false}