{"cameraMode":{"drawMode":0,"name":"Shaded","section":"Shading Mode"},"sceneLighting":true,"audioPlay":false,"sceneViewState":{"showFog":true,"showMaterialUpdate":true,"showSkybox":true,"showFlares":true,"showImageEffects":true,"showParticleSystems":true},"in2DMode":false,"pivot":{"x":-20.778549194335939,"y":-10.929767608642579,"z":-3.574282169342041},"rotation":{"x":-0.19105854630470277,"y":0.6373264789581299,"z":-0.16737300157546998,"w":-0.7275286912918091},"size":45.16119384765625,"orthographic":false}